<?xml version="1.0" encoding="UTF-8"?>
<project-private xmlns="http://www.netbeans.org/ns/project-private/1">
    <editor-bookmarks xmlns="http://www.netbeans.org/ns/editor-bookmarks/2" lastBookmarkId="0"/>
    <open-files xmlns="http://www.netbeans.org/ns/projectui-open-files/2">
        <group>
            <file>file:/C:/Users/dinh%20thang/Documents/java3/lab2_java3/src/lab2_java3/bai2p2.java</file>
            <file>file:/C:/Users/dinh%20thang/Documents/java3/lab2_java3/src/lab2_java3/bai1.java</file>
            <file>file:/C:/Users/dinh%20thang/Documents/java3/lab2_java3/src/lab2_java3/bai2.java</file>
        </group>
    </open-files>
</project-private>
